{
    "components": [
        {
            "cachedName": "LWJGL 3",
            "cachedVersion": "3.3.3",
            "dependencyOnly": true,
            "uid": "org.lwjgl3",
            "version": "3.3.3"
        },
        {
            "cachedName": "Minecraft",
            "cachedRequires": [
                {
                    "suggests": "3.3.3",
                    "uid": "org.lwjgl3"
                }
            ],
            "cachedVersion": "1.21.4",
            "important": true,
            "uid": "net.minecraft",
            "version": "1.21.4"
        },
        {
            "cachedName": "NeoForge",
            "cachedRequires": [
                {
                    "equals": "1.21.4",
                    "uid": "net.minecraft"
                }
            ],
            "cachedVersion": "21.4.0-beta",
            "uid": "net.neoforged",
            "version": "21.4.0-beta"
        }
    ],
    "formatVersion": 1
}
