{
  "[1.21.1] SecurityCraft v1.9.12.jar": {
    "modId": "securitycraft",
    "version": "1.9.12"
  },
  "architectury-13.0.8-neoforge.jar": {
    "modId": "architectury",
    "version": "13.0.8"
  },
  "cloth-config-15.0.140-neoforge.jar": {
    "modId": "cloth_config",
    "version": "15.0.140"
  },
  "configured-neoforge-1.21.1-2.6.0.jar": {
    "modId": "configured",
    "version": "2.6.0"
  },
  "Controlling-neoforge-1.21.1-19.0.4.jar": {
    "modId": "controlling",
    "version": "19.0.4"
  },
  "crash_assistant-neoforge-1.3.4.jar": {
    "modId": "crash_assistant",
    "version": "1.3.4"
  },
  "FramedBlocks-10.2.4.jar": {
    "modId": "framedblocks",
    "version": "10.2.4"
  },
  "framework-neoforge-1.21.1-0.9.4.jar": {
    "modId": "framework",
    "version": "0.9.4"
  },
  "fusion-1.2.4-neoforge-mc1.21.jar": {
    "modId": "fusion",
    "version": "1.2.4"
  },
  "GlitchCore-neoforge-1.21.1-2.1.0.0.jar": {
    "modId": "glitchcore",
    "version": "2.1.0.0"
  },
  "ironchest-1.21-neoforge-16.0.7.jar": {
    "modId": "ironchest",
    "version": "1.21-neoforge-16.0.7"
  },
  "paladin-furniture-mod-1.3-neoforge-mc1.21.1.jar": {
    "modId": "pfm",
    "version": "1.3"
  },
  "refurbished_furniture-neoforge-1.21.1-1.0.9.jar": {
    "modId": "refurbished_furniture",
    "version": "1.0.9"
  },
  "Searchables-neoforge-1.21.1-1.0.2.jar": {
    "modId": "searchables",
    "version": "1.0.2"
  },
  "worldedit-mod-7.3.8.jar": {
    "modId": "worldedit",
    "version": "7.3.8+6939-7d32b45"
  }
}